{"ProjectBreakpoints":"{\"Value\":{},\"CodeBreakpoints\":{}}","ProjectSettings":"{\"IncludeSourcesByDefault\":true,\"RemoveUnusedDependencies\":false}","OpenedDocuments":"[{\"DocumentPath\":\"ACME_System1LogIn.xaml\",\"FactoryId\":\"{ACB8E7BA-F093-44C1-9B50-33ECA51AAE16}\"},{\"DocumentPath\":\"Main.xaml\",\"FactoryId\":\"{ACB8E7BA-F093-44C1-9B50-33ECA51AAE16}\"}]","ProjectActivitiesViewState":"{\"Main.xaml\":[{\"ActivityIdRef\":\"Assign_3\",\"IsAdvancedOptionsExpanded\":false,\"Widgets\":{}},{\"ActivityIdRef\":\"ForEach`1_1\",\"IsAdvancedOptionsExpanded\":false,\"Categories\":{\"\":true},\"Widgets\":{\"Body\":{\"ShowExpanded\":true}}},{\"ActivityIdRef\":\"GetRobotAsset_1\",\"IsAdvancedOptionsExpanded\":false,\"Categories\":{\"기타\":true,\"출력\":true},\"Widgets\":{}},{\"ActivityIdRef\":\"InvokeWorkflowFile_2\",\"IsAdvancedOptionsExpanded\":false,\"Categories\":{\"공통\":true,\"옵션\":true,\"로그\":true},\"Widgets\":{}},{\"ActivityIdRef\":\"NApplicationCard_2\",\"IsAdvancedOptionsExpanded\":false,\"Categories\":{\"옵션\":true,\"대화 상자 처리\":true,\"영업 시간\":true,\"입력/출력\":true,\"TargetApplication\":true},\"Widgets\":{\"OCREngine\":{\"ShowExpanded\":true},\"Body\":{\"ShowExpanded\":true}}},{\"ActivityIdRef\":\"ForEachRow_2\",\"IsAdvancedOptionsExpanded\":false,\"Categories\":{\"\":true},\"Widgets\":{\"Body\":{\"ShowExpanded\":true}}},{\"ActivityIdRef\":\"Sum_1\",\"IsAdvancedOptionsExpanded\":false,\"Widgets\":{}},{\"ActivityIdRef\":\"Assign_5\",\"IsAdvancedOptionsExpanded\":false,\"Widgets\":{}},{\"ActivityIdRef\":\"InvokeWorkflowFile_3\",\"IsAdvancedOptionsExpanded\":false,\"Categories\":{\"공통\":true,\"옵션\":true,\"로그\":true},\"Widgets\":{}},{\"ActivityIdRef\":\"NApplicationCard_5\",\"IsAdvancedOptionsExpanded\":false,\"Categories\":{\"옵션\":true,\"대화 상자 처리\":true,\"영업 시간\":true,\"입력/출력\":true,\"TargetApplication\":true},\"Widgets\":{\"OCREngine\":{\"ShowExpanded\":true},\"Body\":{\"ShowExpanded\":true}}},{\"ActivityIdRef\":\"NGetText_1\",\"IsAdvancedOptionsExpanded\":false,\"Categories\":{\"영업 시간\":true,\"입력/출력\":true,\"옵션\":true,\"타겟\":true,\"타겟 → 클리핑 영역\":true},\"Widgets\":{}},{\"ActivityIdRef\":\"Extract_Info_1\",\"IsAdvancedOptionsExpanded\":false,\"Widgets\":{}},{\"ActivityIdRef\":\"WriteLine_1\",\"IsAdvancedOptionsExpanded\":false,\"Widgets\":{}},{\"ActivityIdRef\":\"Delay_1\",\"IsAdvancedOptionsExpanded\":false,\"Widgets\":{}},{\"ActivityIdRef\":\"NClick_3\",\"IsAdvancedOptionsExpanded\":false,\"Categories\":{\"영업 시간\":true,\"옵션\":true,\"입력/출력\":true,\"타겟\":true},\"Widgets\":{}},{\"ActivityIdRef\":\"NExtractDataGeneric`1_2\",\"IsAdvancedOptionsExpanded\":false,\"Categories\":{\"타겟\":true,\"영업 시간\":true,\"입력/출력\":true,\"옵션\":true,\"다음 링크 - 타겟\":true},\"Widgets\":{}},{\"ActivityIdRef\":\"NTypeInto_1\",\"IsAdvancedOptionsExpanded\":false,\"Categories\":{\"영업 시간\":true,\"입력/출력\":true,\"옵션\":true,\"타겟\":true},\"Widgets\":{}},{\"ActivityIdRef\":\"NTypeInto_2\",\"IsAdvancedOptionsExpanded\":false,\"Categories\":{\"영업 시간\":true,\"입력/출력\":true,\"옵션\":true,\"타겟\":true},\"Widgets\":{}},{\"ActivityIdRef\":\"GetRobotCredential_1\",\"IsAdvancedOptionsExpanded\":false,\"Categories\":{\"기타\":true,\"출력\":true},\"Widgets\":{}},{\"ActivityIdRef\":\"AddQueueItem_1\",\"IsAdvancedOptionsExpanded\":false,\"Categories\":{\"입력\":true,\"기타\":true},\"Widgets\":{}},{\"ActivityIdRef\":\"GetQueueItem_1\",\"IsAdvancedOptionsExpanded\":false,\"Categories\":{\"옵션\":true,\"출력\":true},\"Widgets\":{}},{\"ActivityIdRef\":\"SetTransactionStatus_1\",\"IsAdvancedOptionsExpanded\":false,\"Categories\":{\"입력\":true,\"트랜잭션 오류\":true,\"\":true,\"기타\":true},\"Widgets\":{}},{\"ActivityIdRef\":\"SetTransactionStatus_2\",\"IsAdvancedOptionsExpanded\":false,\"Categories\":{\"입력\":true,\"트랜잭션 오류\":true,\"\":true,\"기타\":true},\"Widgets\":{}},{\"ActivityIdRef\":\"NClick_2\",\"IsAdvancedOptionsExpanded\":false,\"Categories\":{\"영업 시간\":true,\"옵션\":true,\"입력/출력\":true,\"타겟\":true},\"Widgets\":{}},{\"ActivityIdRef\":\"NExtractDataGeneric`1_1\",\"IsAdvancedOptionsExpanded\":false,\"Categories\":{\"타겟\":true,\"영업 시간\":true,\"입력/출력\":true,\"옵션\":true,\"다음 링크 - 타겟\":true},\"Widgets\":{}},{\"ActivityIdRef\":\"AddQueueItem_2\",\"IsAdvancedOptionsExpanded\":false,\"Categories\":{\"입력\":true,\"기타\":true},\"Widgets\":{}},{\"ActivityIdRef\":\"ForEachRow_3\",\"IsAdvancedOptionsExpanded\":false,\"Categories\":{\"\":true},\"Widgets\":{\"Body\":{\"ShowExpanded\":true}}},{\"ActivityIdRef\":\"GetQueueItem_2\",\"IsAdvancedOptionsExpanded\":false,\"Categories\":{\"옵션\":true,\"출력\":true},\"Widgets\":{}},{\"ActivityIdRef\":\"Assign_7\",\"IsAdvancedOptionsExpanded\":false,\"Widgets\":{}},{\"ActivityIdRef\":\"InvokeWorkflowFile_6\",\"IsAdvancedOptionsExpanded\":false,\"Categories\":{\"공통\":true,\"옵션\":true,\"로그\":true},\"Widgets\":{}},{\"ActivityIdRef\":\"NApplicationCard_6\",\"IsAdvancedOptionsExpanded\":false,\"Categories\":{\"옵션\":true,\"대화 상자 처리\":true,\"영업 시간\":true,\"입력/출력\":true,\"TargetApplication\":true},\"Widgets\":{\"OCREngine\":{\"ShowExpanded\":true},\"Body\":{\"ShowExpanded\":true}}},{\"ActivityIdRef\":\"NGetText_2\",\"IsAdvancedOptionsExpanded\":false,\"Categories\":{\"영업 시간\":true,\"입력/출력\":true,\"옵션\":true,\"타겟\":true},\"Widgets\":{}},{\"ActivityIdRef\":\"Extract_Info_2\",\"IsAdvancedOptionsExpanded\":false,\"Widgets\":{}},{\"ActivityIdRef\":\"WriteLine_2\",\"IsAdvancedOptionsExpanded\":false,\"Widgets\":{}},{\"ActivityIdRef\":\"SetTransactionStatus_3\",\"IsAdvancedOptionsExpanded\":false,\"Categories\":{\"입력\":true,\"트랜잭션 오류\":true,\"\":true,\"기타\":true},\"Widgets\":{}},{\"ActivityIdRef\":\"GetSecureCredential_2\",\"IsAdvancedOptionsExpanded\":false,\"Categories\":{\"입력\":true,\"출력\":true},\"Widgets\":{}}],\"ACME_System1LogIn.xaml\":[{\"ActivityIdRef\":\"NApplicationCard_1\",\"IsAdvancedOptionsExpanded\":false,\"Categories\":{\"옵션\":true,\"대화 상자 처리\":true,\"영업 시간\":true,\"타겟\":true,\"TargetApplication\":true,\"입력/출력\":true},\"Widgets\":{\"OCREngine\":{\"ShowExpanded\":true},\"Body\":{\"ShowExpanded\":true}}},{\"ActivityIdRef\":\"NTypeInto_1\",\"IsAdvancedOptionsExpanded\":false,\"Categories\":{\"영업 시간\":true,\"입력/출력\":true,\"옵션\":true,\"타겟\":true},\"Widgets\":{}},{\"ActivityIdRef\":\"NTypeInto_2\",\"IsAdvancedOptionsExpanded\":false,\"Categories\":{\"영업 시간\":true,\"입력/출력\":true,\"옵션\":true,\"타겟\":true},\"Widgets\":{}},{\"ActivityIdRef\":\"NClick_1\",\"IsAdvancedOptionsExpanded\":false,\"Categories\":{\"영업 시간\":true,\"옵션\":true,\"입력/출력\":true,\"타겟\":true},\"Widgets\":{}}],\"MoveSite.xaml\":[{\"ActivityIdRef\":\"NApplicationCard_3\",\"IsAdvancedOptionsExpanded\":false,\"Categories\":{\"옵션\":true,\"대화 상자 처리\":true,\"영업 시간\":true,\"입력/출력\":true,\"TargetApplication\":true},\"Widgets\":{\"OCREngine\":{\"ShowExpanded\":true},\"Body\":{\"ShowExpanded\":true}}},{\"ActivityIdRef\":\"NGoToUrl_1\",\"IsAdvancedOptionsExpanded\":false,\"Categories\":{\"영업 시간\":true,\"입력/출력\":true,\"옵션\":true},\"Widgets\":{}},{\"ActivityIdRef\":\"Delay_1\",\"IsAdvancedOptionsExpanded\":false,\"Widgets\":{}}],\"상태머신.xaml\":[{\"ActivityIdRef\":\"LogMessage_1\",\"IsAdvancedOptionsExpanded\":false,\"Widgets\":{}},{\"ActivityIdRef\":\"LogMessage_2\",\"IsAdvancedOptionsExpanded\":false,\"Widgets\":{}},{\"ActivityIdRef\":\"LogMessage_3\",\"IsAdvancedOptionsExpanded\":false,\"Widgets\":{}}]}","Compiler":"2","ProjectWatches":"{\"Value\":[]}"}