{
  "exportedBy": null,
  "bundleHash": null,
  "version": "1.0.0.0",
  "jitAssemblyCompilerCommands": [
    {
      "providerName": "TypedDataTable",
      "typedDataTableDto": {
        "id": 0,
        "idRef": "NExtractDataGeneric`1_1",
        "hash": "NExtractDataGeneric`1_1|DataTable|IB8J6y9pxTg8Ev0CuPVsVHubGdgub48pMtfRSg21bg",
        "dataType": "System.Data.DataTable, System.Data.Common",
        "columns": [
          {
            "columnName": "Actions",
            "dataType": "System.String, System.Private.CoreLib"
          },
          {
            "columnName": "Actions Url",
            "dataType": "System.String, System.Private.CoreLib"
          },
          {
            "columnName": "WIID",
            "dataType": "System.String, System.Private.CoreLib"
          },
          {
            "columnName": "Description",
            "dataType": "System.String, System.Private.CoreLib"
          },
          {
            "columnName": "Type",
            "dataType": "System.String, System.Private.CoreLib"
          },
          {
            "columnName": "Status",
            "dataType": "System.String, System.Private.CoreLib"
          },
          {
            "columnName": "Date",
            "dataType": "System.String, System.Private.CoreLib"
          }
        ]
      },
      "entityAssemblyKey": {
        "name": "Studio.Generated.TypedDataTable0",
        "hash": "NExtractDataGeneric`1_1|DataTable|BJEgWhIeisdm5Ggy1nlxllT8UoPlE8BSLjFQwotdSE",
        "assemblyName": "Studio.Generated.TypedDataTable0"
      }
    }
  ]
}