{
  "version": "2.0",
  "resources": [
    {
      "activityDisplayName": "Get Asset",
      "activityId": "GetRobotAsset_1",
      "resource": "asset",
      "key": "251211.System1_URL",
      "id": "asset251211.System1_URL251211FalseSystem1_URLFalse",
      "value": {
        "folderPath": {
          "defaultValue": "251211",
          "isExpression": false
        },
        "name": {
          "defaultValue": "System1_URL",
          "isExpression": false
        }
      },
      "metadata": {
        "BindingsVersion": "2.2"
      }
    },
    {
      "activityDisplayName": "Get Credential",
      "activityId": "GetRobotCredential_1",
      "resource": "asset",
      "key": "251211.System1_Account",
      "id": "asset251211.System1_Account251211FalseSystem1_AccountFalse",
      "value": {
        "folderPath": {
          "defaultValue": "251211",
          "isExpression": false
        },
        "name": {
          "defaultValue": "System1_Account",
          "isExpression": false
        }
      },
      "metadata": {
        "BindingsVersion": "2.2"
      }
    },
    {
      "activityDisplayName": "Add Queue Item",
      "activityId": "AddQueueItem_2",
      "resource": "queue",
      "key": "251211.WIID",
      "id": "queue251211.WIID251211FalseWIIDFalse",
      "value": {
        "folderPath": {
          "defaultValue": "251211",
          "isExpression": false,
          "displayName": "폴더 경로"
        },
        "name": {
          "defaultValue": "WIID",
          "isExpression": false,
          "displayName": "큐 이름"
        }
      },
      "metadata": {
        "BindingsVersion": "2.2"
      }
    },
    {
      "activityDisplayName": "Add Queue Item",
      "activityId": "AddQueueItem_1",
      "resource": "queue",
      "key": "251211.TestQ",
      "id": "queue251211.TestQ251211FalseTestQFalse",
      "value": {
        "folderPath": {
          "defaultValue": "251211",
          "isExpression": false,
          "displayName": "폴더 경로"
        },
        "name": {
          "defaultValue": "TestQ",
          "isExpression": false,
          "displayName": "큐 이름"
        }
      },
      "metadata": {
        "BindingsVersion": "2.2"
      }
    }
  ]
}