{
  "$schema": "https://cloud.uipath.com/draft/2024-12/operate",
  "contentType": "Process",
  "projectId": "e0f06e59-fb8f-45b2-8b1f-3128180f708b",
  "main": "Main.xaml",
  "dependencies": {
    "UiPath.Excel.Activities": "[3.3.1]",
    "UiPath.System.Activities.Runtime": "[25.10.2]"
  },
  "targetFramework": "Windows",
  "runtimeOptions": {
    "isAttended": false,
    "requiresUserInteraction": true,
    "robotVersion": "26.0.179"
  },
  "designOptions": {
    "projectProfile": "Development",
    "fileInfoCollection": []
  }
}